patient_id,first_name,last_name,date_of_birth,nhs_number,gender,phone_number,email,address,postcode,emergency_contact_name,emergency_contact_phone,registration_date,gp_surgery_id
P001,John,Smith,1985-03-15,1230000000,M,7120000000,john.smith@email.com,123 Oak Street Birmingham,B1 1AA,Sarah Smith,7990000000,2020-01-15,S001
P002,Emma,Johnson,1990-07-22,2350000000,F,7230000000,emma.johnson@email.com,456 Pine Avenue Birmingham,B2 2BB,Michael Johnson,7880000000,2020-02-20,S001
P003,Robert,Williams,1978-11-30,3460000000,M,7350000000,robert.williams@email.com,789 Maple Road Solihull,B91 3CC,Lisa Williams,7770000000,2019-05-10,S002
P004,Sarah,Brown,1987-05-18,4570000000,F,7460000000,sarah.brown@email.com,321 Elm Close Birmingham,B3 4DD,David Brown,7650000000,2020-03-25,S001
P005,Michael,Davis,1983-09-25,5680000000,M,7570000000,michael.davis@email.com,654 Birch Lane Sutton Coldfield,B75 5EE,Jennifer Davis,7540000000,2021-01-05,S003
