prescription_id,patient_id,clinician_id,appointment_id,prescription_date,medication_name,dosage,frequency,duration_days,quantity,instructions,pharmacy_name,status,issue_date,collection_date
RX001,P001,C001,A001,2024-01-15,Simvastatin,20mg,Once daily,28,28 tablets,Take with evening meal,Boots Pharmacy Birmingham,Issued,2024-01-15,
RX002,P002,C009,A002,2024-01-16,Paracetamol,500mg,As required,7,16 tablets,Max 8 tablets in 24 hours,Superdrug Birmingham Central,Issued,2024-01-16,
RX003,P003,C003,A003,2024-01-18,Ramipril,5mg,Once daily,28,28 tablets,Take in morning,Lloyds Pharmacy Solihull,Issued,2024-01-18,
RX004,P004,C002,A004,2024-01-20,GTN Spray,400mcg,As required,30,1 spray bottle,Use for chest pain episodes,Boots Pharmacy Birmingham,Issued,2024-01-20,
